"LSOA.Code"	"LSOA.Name"	"LA.Code"	"LA.Name"	"Region"	"Estimated.number.of.households"	"Estimated.number.of.Fuel.Poor.Households"	"Proportion.of.households.fuel.poor...."
"9"	"E01000010"	"Barking and Dagenham 015C"	"E09000002"	"Barking and Dagenham"	"London"	56	137	13
"576"	"E01000586"	"Brent 032E"	"E09000005"	"Brent"	"London"	57	91	8.6
"728"	"E01000742"	"Bromley 005C"	"E09000006"	"Bromley"	"London"	3	59	5.9
"838"	"E01000855"	"Camden 028A"	"E09000007"	"Camden"	"London"	69	75	7
"913"	"E01000930"	"Camden 020B"	"E09000007"	"Camden"	"London"	35	75	7.3
"1079"	"E01001097"	"Croydon 037E"	"E09000008"	"Croydon"	"London"	12	45	4.5
"1099"	"E01001117"	"Croydon 015C"	"E09000008"	"Croydon"	"London"	71	100	9.3
"1155"	"E01001173"	"Croydon 028E"	"E09000008"	"Croydon"	"London"	42	50	4.8
"1204"	"E01001222"	"Ealing 019A"	"E09000009"	"Ealing"	"London"	102	130	11.8
"1226"	"E01001244"	"Ealing 024E"	"E09000009"	"Ealing"	"London"	58	63	6
"1635"	"E01001668"	"Greenwich 036C"	"E09000011"	"Greenwich"	"London"	1	80	8
"1709"	"E01001748"	"Hackney 020A"	"E09000012"	"Hackney"	"London"	37	74	7.1
"1713"	"E01001752"	"Hackney 025A"	"E09000012"	"Hackney"	"London"	19	41	4
"1715"	"E01001754"	"Hackney 025C"	"E09000012"	"Hackney"	"London"	81	82	7.6
"1740"	"E01001782"	"Hackney 026C"	"E09000012"	"Hackney"	"London"	6	35	3.5
"2163"	"E01002213"	"Harrow 027D"	"E09000015"	"Harrow"	"London"	74	151	14.1
"2498"	"E01002554"	"Hillingdon 022F"	"E09000017"	"Hillingdon"	"London"	26	41	4
"2626"	"E01002684"	"Hounslow 006D"	"E09000018"	"Hounslow"	"London"	48	71	6.8
"2638"	"E01002698"	"Islington 017A"	"E09000019"	"Islington"	"London"	14	70	6.9
"2655"	"E01002716"	"Islington 014A"	"E09000019"	"Islington"	"London"	37	54	5.2
"2900"	"E01002965"	"Kingston upon Thames 009A"	"E09000021"	"Kingston upon Thames"	"London"	30	92	8.9
"2957"	"E01003023"	"Lambeth 021C"	"E09000022"	"Lambeth"	"London"	28	67	6.5
"3008"	"E01003074"	"Lambeth 018E"	"E09000022"	"Lambeth"	"London"	60	82	7.7
"3024"	"E01003090"	"Lambeth 012D"	"E09000022"	"Lambeth"	"London"	2	77	7.7
"3042"	"E01003109"	"Lambeth 003E"	"E09000022"	"Lambeth"	"London"	46	72	6.9
"3102"	"E01003169"	"Lambeth 025D"	"E09000022"	"Lambeth"	"London"	36	79	7.6
"3212"	"E01003282"	"Lewisham 013A"	"E09000023"	"Lewisham"	"London"	11	67	6.6
"3533"	"E01003609"	"Newham 037A"	"E09000025"	"Newham"	"London"	11	55	5.4
"3537"	"E01003617"	"Newham 012B"	"E09000025"	"Newham"	"London"	50	75	7.1
"3539"	"E01003619"	"Newham 012D"	"E09000025"	"Newham"	"London"	39	95	9.2
"3843"	"E01003929"	"Southwark 002B"	"E09000028"	"Southwark"	"London"	33	59	5.7
"3910"	"E01004004"	"Southwark 023C"	"E09000028"	"Southwark"	"London"	28	73	7.1
"4121"	"E01004222"	"Tower Hamlets 001A"	"E09000030"	"Tower Hamlets"	"London"	1	59	5.9
"4136"	"E01004238"	"Tower Hamlets 008D"	"E09000030"	"Tower Hamlets"	"London"	11	100	9.9
"4150"	"E01004252"	"Tower Hamlets 024A"	"E09000030"	"Tower Hamlets"	"London"	47	49	4.7
"4185"	"E01004291"	"Tower Hamlets 027A"	"E09000030"	"Tower Hamlets"	"London"	10	28	2.8
"4438"	"E01004548"	"Wandsworth 029D"	"E09000032"	"Wandsworth"	"London"	7	49	4.9
"4557"	"E01004675"	"Westminster 005B"	"E09000033"	"Westminster"	"London"	57	103	9.8
"4563"	"E01004681"	"Westminster 016A"	"E09000033"	"Westminster"	"London"	101	119	10.8
"4639"	"E01004761"	"Westminster 018D"	"E09000033"	"Westminster"	"London"	37	104	10
"4640"	"E01004762"	"Westminster 011E"	"E09000033"	"Westminster"	"London"	88	132	12.1
"4641"	"E01004763"	"Westminster 013B"	"E09000033"	"Westminster"	"London"	35	182	17.6
"4642"	"E01004765"	"Westminster 013D"	"E09000033"	"Westminster"	"London"	62	95	9
"4911"	"E01005036"	"Bury 024C"	"E08000002"	"Bury"	"North West"	21	72	7.1
"4979"	"E01005108"	"Manchester 017A"	"E08000003"	"Manchester"	"North West"	42	185	17.8
"5075"	"E01005214"	"Manchester 019D"	"E08000003"	"Manchester"	"North West"	1	52	5.2
"5102"	"E01005241"	"Manchester 025A"	"E08000003"	"Manchester"	"North West"	2	235	23.5
"5104"	"E01005243"	"Manchester 024B"	"E08000003"	"Manchester"	"North West"	75	94	8.7
"5316"	"E01005466"	"Rochdale 016C"	"E08000005"	"Rochdale"	"North West"	62	133	12.5
"5457"	"E01005612"	"Salford 016C"	"E08000006"	"Salford"	"North West"	23	94	9.2
"5465"	"E01005620"	"Salford 030E"	"E08000006"	"Salford"	"North West"	50	104	9.9
"5476"	"E01005631"	"Salford 020A"	"E08000006"	"Salford"	"North West"	13	92	9.1
"5524"	"E01005682"	"Salford 024D"	"E08000006"	"Salford"	"North West"	23	136	13.3
"5560"	"E01005720"	"Salford 021D"	"E08000006"	"Salford"	"North West"	109	131	11.8
"6025"	"E01006185"	"Trafford 001E"	"E08000009"	"Trafford"	"North West"	8	120	11.9
"6027"	"E01006187"	"Trafford 003C"	"E08000009"	"Trafford"	"North West"	141	153	13.4
"6085"	"E01006245"	"Wigan 023D"	"E08000010"	"Wigan"	"North West"	72	82	7.6
"6328"	"E01006490"	"Knowsley 002E"	"E08000011"	"Knowsley"	"North West"	22	38	3.7
"6351"	"E01006514"	"Liverpool 037A"	"E08000012"	"Liverpool"	"North West"	104	222	20.1
"6357"	"E01006522"	"Liverpool 048A"	"E08000012"	"Liverpool"	"North West"	84	95	8.8
"6390"	"E01006556"	"Liverpool 039B"	"E08000012"	"Liverpool"	"North West"	7	345	34.3
"6472"	"E01006646"	"Liverpool 023C"	"E08000012"	"Liverpool"	"North West"	1	57	5.7
"6499"	"E01006675"	"Liverpool 043C"	"E08000012"	"Liverpool"	"North West"	118	191	17.1
"6502"	"E01006678"	"Liverpool 044E"	"E08000012"	"Liverpool"	"North West"	52	129	12.3
"6519"	"E01006695"	"Liverpool 028C"	"E08000012"	"Liverpool"	"North West"	19	215	21.1
"6595"	"E01006778"	"Liverpool 014E"	"E08000012"	"Liverpool"	"North West"	114	157	14.1
"6716"	"E01006900"	"St. Helens 022B"	"E08000013"	"St. Helens"	"North West"	54	55	5.2
"6783"	"E01006968"	"Sefton 004C"	"E08000014"	"Sefton"	"North West"	43	150	14.4
"7248"	"E01007443"	"Barnsley 013F"	"E08000016"	"Barnsley"	"Yorkshire and The Humber"	27	126	12.3
"7335"	"E01007532"	"Doncaster 023B"	"E08000017"	"Doncaster"	"Yorkshire and The Humber"	39	116	11.2
"7412"	"E01007609"	"Doncaster 038B"	"E08000017"	"Doncaster"	"Yorkshire and The Humber"	45	83	8
"7517"	"E01007714"	"Rotherham 017B"	"E08000018"	"Rotherham"	"Yorkshire and The Humber"	15	184	18.1
"7765"	"E01007970"	"Sheffield 049D"	"E08000019"	"Sheffield"	"Yorkshire and The Humber"	8	54	5.4
"7955"	"E01008168"	"Gateshead 027D"	"E08000020"	"Gateshead"	"North East"	73	98	9.1
"8021"	"E01008234"	"Gateshead 020C"	"E08000020"	"Gateshead"	"North East"	18	77	7.6
"8046"	"E01008259"	"Gateshead 007D"	"E08000020"	"Gateshead"	"North East"	25	155	15.1
"8090"	"E01008303"	"Newcastle upon Tyne 018A"	"E08000021"	"Newcastle upon Tyne"	"North East"	45	120	11.5
"8091"	"E01008304"	"Newcastle upon Tyne 026C"	"E08000021"	"Newcastle upon Tyne"	"North East"	60	143	13.5
"8207"	"E01008425"	"Newcastle upon Tyne 030B"	"E08000021"	"Newcastle upon Tyne"	"North East"	14	146	14.4
"8375"	"E01008597"	"South Tyneside 001C"	"E08000023"	"South Tyneside"	"North East"	25	116	11.3
"8479"	"E01008703"	"Sunderland 013B"	"E08000024"	"Sunderland"	"North East"	72	83	7.7
"8510"	"E01008735"	"Sunderland 016B"	"E08000024"	"Sunderland"	"North East"	15	168	16.6
"8599"	"E01008831"	"Sunderland 013D"	"E08000024"	"Sunderland"	"North East"	109	294	26.5
"8734"	"E01008974"	"Birmingham 118C"	"E08000025"	"Birmingham"	"West Midlands"	122	141	12.6
"8939"	"E01009203"	"Birmingham 043C"	"E08000025"	"Birmingham"	"West Midlands"	125	165	14.7
"9105"	"E01009378"	"Birmingham 135A"	"E08000025"	"Birmingham"	"West Midlands"	35	89	8.6
"9264"	"E01009548"	"Coventry 031A"	"E08000026"	"Coventry"	"West Midlands"	14	168	16.6
"9339"	"E01009629"	"Coventry 020A"	"E08000026"	"Coventry"	"West Midlands"	56	226	21.4
"9584"	"E01009881"	"Dudley 011C"	"E08000027"	"Dudley"	"West Midlands"	109	148	13.3
"9939"	"E01010241"	"Walsall 015A"	"E08000030"	"Walsall"	"West Midlands"	16	102	10
"10062"	"E01010368"	"Walsall 030A"	"E08000030"	"Walsall"	"West Midlands"	4	157	15.7
"10100"	"E01010406"	"Walsall 027C"	"E08000030"	"Walsall"	"West Midlands"	69	226	21.1
"10167"	"E01010473"	"Wolverhampton 015C"	"E08000031"	"Wolverhampton"	"West Midlands"	169	268	22.8
"10215"	"E01010521"	"Wolverhampton 020F"	"E08000031"	"Wolverhampton"	"West Midlands"	46	215	20.6
"10274"	"E01010580"	"Bradford 010B"	"E08000032"	"Bradford"	"Yorkshire and The Humber"	23	57	5.6
"10279"	"E01010585"	"Bradford 015E"	"E08000032"	"Bradford"	"Yorkshire and The Humber"	7	87	8.6
"10401"	"E01010709"	"Bradford 006D"	"E08000032"	"Bradford"	"Yorkshire and The Humber"	78	102	9.5
"10680"	"E01010994"	"Calderdale 008E"	"E08000033"	"Calderdale"	"Yorkshire and The Humber"	64	178	16.7
"10906"	"E01011222"	"Kirklees 050D"	"E08000034"	"Kirklees"	"Yorkshire and The Humber"	25	145	14.2
"11040"	"E01011361"	"Leeds 042E"	"E08000035"	"Leeds"	"Yorkshire and The Humber"	114	211	18.9
"11166"	"E01011499"	"Leeds 105C"	"E08000035"	"Leeds"	"Yorkshire and The Humber"	77	101	9.4
"11205"	"E01011541"	"Leeds 104B"	"E08000035"	"Leeds"	"Yorkshire and The Humber"	32	122	11.8
"11352"	"E01011704"	"Leeds 002C"	"E08000035"	"Leeds"	"Yorkshire and The Humber"	9	85	8.4
"11382"	"E01011734"	"Leeds 083A"	"E08000035"	"Leeds"	"Yorkshire and The Humber"	38	102	9.8
"11460"	"E01011812"	"Wakefield 013B"	"E08000036"	"Wakefield"	"Yorkshire and The Humber"	32	38	3.7
"11738"	"E01012102"	"Redcar and Cleveland 001C"	"E06000003"	"Redcar and Cleveland"	"North East"	20	183	18
"11764"	"E01012138"	"Redcar and Cleveland 006A"	"E06000003"	"Redcar and Cleveland"	"North East"	5	41	4.1
"11882"	"E01012264"	"Stockton-on-Tees 014C"	"E06000004"	"Stockton-on-Tees"	"North East"	18	126	12.4
"11883"	"E01012266"	"Stockton-on-Tees 014E"	"E06000004"	"Stockton-on-Tees"	"North East"	128	173	15.3
"11909"	"E01012292"	"Stockton-on-Tees 019C"	"E06000004"	"Stockton-on-Tees"	"North East"	38	106	10.2
"11934"	"E01012319"	"Darlington 013C"	"E06000005"	"Darlington"	"North East"	95	137	12.5
"11952"	"E01012340"	"Darlington 012D"	"E06000005"	"Darlington"	"North East"	34	122	11.8
"12040"	"E01012428"	"Halton 012C"	"E06000006"	"Halton"	"North West"	15	92	9.1
"12043"	"E01012431"	"Halton 012F"	"E06000006"	"Halton"	"North West"	3	131	13.1
"12053"	"E01012441"	"Halton 007D"	"E06000006"	"Halton"	"North West"	66	128	12
"12069"	"E01012458"	"Warrington 018B"	"E06000007"	"Warrington"	"North West"	1	70	7
"12312"	"E01012704"	"Blackpool 002C"	"E06000009"	"Blackpool"	"North West"	68	69	6.5
"12371"	"E01012763"	"Kingston upon Hull 018C"	"E06000010"	"Kingston upon Hull City of"	"Yorkshire and The Humber"	15	247	24.4
"12457"	"E01012850"	"Kingston upon Hull 024A"	"E06000010"	"Kingston upon Hull City of"	"Yorkshire and The Humber"	3	214	21.4
"12494"	"E01012891"	"Kingston upon Hull 030C"	"E06000010"	"Kingston upon Hull City of"	"Yorkshire and The Humber"	93	170	15.6
"12540"	"E01012937"	"East Riding of Yorkshire 002D"	"E06000011"	"East Riding of Yorkshire"	"Yorkshire and The Humber"	69	117	10.9
"12579"	"E01012977"	"East Riding of Yorkshire 044B"	"E06000011"	"East Riding of Yorkshire"	"Yorkshire and The Humber"	43	58	5.6
"12725"	"E01013124"	"East Riding of Yorkshire 015D"	"E06000011"	"East Riding of Yorkshire"	"Yorkshire and The Humber"	8	54	5.4
"12738"	"E01013137"	"North East Lincolnshire 002B"	"E06000012"	"North East Lincolnshire"	"Yorkshire and The Humber"	8	78	7.7
"12838"	"E01013240"	"North Lincolnshire 015B"	"E06000013"	"North Lincolnshire"	"Yorkshire and The Humber"	12	81	8
"12854"	"E01013256"	"North Lincolnshire 001C"	"E06000013"	"North Lincolnshire"	"Yorkshire and The Humber"	48	70	6.7
"12966"	"E01013369"	"York 013C"	"E06000014"	"York"	"Yorkshire and The Humber"	4	119	11.9
"12980"	"E01013383"	"York 010D"	"E06000014"	"York"	"Yorkshire and The Humber"	52	117	11.1
"12988"	"E01013391"	"York 017B"	"E06000014"	"York"	"Yorkshire and The Humber"	74	91	8.5
"13049"	"E01013453"	"Derby 013A"	"E06000015"	"Derby"	"East Midlands"	142	237	20.7
"13052"	"E01013456"	"Derby 013C"	"E06000015"	"Derby"	"East Midlands"	68	211	19.8
"13074"	"E01013479"	"Derby 013F"	"E06000015"	"Derby"	"East Midlands"	157	225	19.4
"13075"	"E01013480"	"Derby 016A"	"E06000015"	"Derby"	"East Midlands"	101	320	29.1
"13118"	"E01013525"	"Derby 008D"	"E06000015"	"Derby"	"East Midlands"	81	133	12.3
"13122"	"E01013529"	"Derby 005D"	"E06000015"	"Derby"	"East Midlands"	55	194	18.4
"13237"	"E01013646"	"Leicester 040A"	"E06000016"	"Leicester"	"East Midlands"	118	444	39.7
"13274"	"E01013683"	"Leicester 016C"	"E06000016"	"Leicester"	"East Midlands"	2	260	26
"13375"	"E01013788"	"Rutland 001A"	"E06000017"	"Rutland"	"East Midlands"	37	134	12.9
"13390"	"E01013803"	"Rutland 003D"	"E06000017"	"Rutland"	"East Midlands"	4	91	9.1
"13427"	"E01013840"	"Nottingham 012D"	"E06000018"	"Nottingham"	"East Midlands"	1	132	13.2
"13454"	"E01013870"	"Nottingham 040A"	"E06000018"	"Nottingham"	"East Midlands"	45	105	10.1
"13504"	"E01013920"	"Nottingham 029C"	"E06000018"	"Nottingham"	"East Midlands"	202	207	16.7
"13516"	"E01013936"	"Nottingham 016A"	"E06000018"	"Nottingham"	"East Midlands"	77	89	8.3
"13649"	"E01014076"	"Herefordshire 013B"	"E06000019"	"Herefordshire County of"	"West Midlands"	13	150	14.8
"13714"	"E01014141"	"Telford and Wrekin 009C"	"E06000020"	"Telford and Wrekin"	"West Midlands"	63	139	13.1
"13838"	"E01014267"	"Stoke-on-Trent 007E"	"E06000021"	"Stoke-on-Trent"	"West Midlands"	37	100	9.7
"13941"	"E01014370"	"Bath and North East Somerset 0"	"E06000022"	"Bath and North East Somerset"	"South West"	76	136	12.6
"13942"	"E01014371"	"Bath and North East Somerset 0"	"E06000022"	"Bath and North East Somerset"	"South West"	115	153	13.7
"14054"	"E01014486"	"Bristol 023B"	"E06000023"	"Bristol City of"	"South West"	112	178	16
"14057"	"E01014489"	"Bristol 023D"	"E06000023"	"Bristol City of"	"South West"	166	207	17.7
"14132"	"E01014568"	"Bristol 057A"	"E06000023"	"Bristol City of"	"South West"	32	204	19.8
"14138"	"E01014574"	"Bristol 057D"	"E06000023"	"Bristol City of"	"South West"	18	165	16.2
"14212"	"E01014653"	"Bristol 055B"	"E06000023"	"Bristol City of"	"South West"	82	150	13.9
"14214"	"E01014655"	"Bristol 055C"	"E06000023"	"Bristol City of"	"South West"	95	211	19.3
"14238"	"E01014681"	"Bristol 029D"	"E06000023"	"Bristol City of"	"South West"	89	124	11.4
"14389"	"E01014841"	"North Somerset 018A"	"E06000024"	"North Somerset"	"South West"	11	112	11.1
"14537"	"E01014991"	"South Gloucestershire 002B"	"E06000025"	"South Gloucestershire"	"South West"	12	65	6.4
"14725"	"E01015181"	"Plymouth 028D"	"E06000026"	"Plymouth"	"South West"	10	189	18.7
"14796"	"E01015252"	"Torbay 003D"	"E06000027"	"Torbay"	"South West"	34	58	5.6
"14800"	"E01015256"	"Torbay 008C"	"E06000027"	"Torbay"	"South West"	63	143	13.5
"14822"	"E01015279"	"Bournemouth 019B"	"E06000028"	"Bournemouth"	"South West"	16	133	13.1
"14823"	"E01015280"	"Bournemouth 019C"	"E06000028"	"Bournemouth"	"South West"	31	130	12.6
"14825"	"E01015282"	"Bournemouth 019E"	"E06000028"	"Bournemouth"	"South West"	187	261	21.6
"14826"	"E01015283"	"Bournemouth 017A"	"E06000028"	"Bournemouth"	"South West"	21	109	10.7
"14831"	"E01015289"	"Bournemouth 021C"	"E06000028"	"Bournemouth"	"South West"	43	111	10.7
"14838"	"E01015296"	"Bournemouth 020B"	"E06000028"	"Bournemouth"	"South West"	10	56	5.6
"14873"	"E01015331"	"Bournemouth 013B"	"E06000028"	"Bournemouth"	"South West"	48	101	9.6
"14964"	"E01015423"	"Poole 016A"	"E06000029"	"Poole"	"South West"	4	90	9
"14994"	"E01015453"	"Poole 017B"	"E06000029"	"Poole"	"South West"	9	68	6.7
"15014"	"E01015476"	"Swindon 015B"	"E06000030"	"Swindon"	"South West"	201	212	17.2
"15072"	"E01015536"	"Swindon 024D"	"E06000030"	"Swindon"	"South West"	45	128	12.3
"15157"	"E01015622"	"Peterborough 016A"	"E06000031"	"Peterborough"	"East of England"	83	89	8.2
"15274"	"E01015741"	"Luton 018B"	"E06000032"	"Luton"	"East of England"	15	113	11.1
"15324"	"E01015791"	"Luton 021C"	"E06000032"	"Luton"	"East of England"	105	232	21
"15327"	"E01015794"	"Luton 018F"	"E06000032"	"Luton"	"East of England"	43	100	9.6
"15374"	"E01015841"	"Southend-on-Sea 014C"	"E06000033"	"Southend-on-Sea"	"East of England"	62	185	17.4
"15384"	"E01015851"	"Southend-on-Sea 015A"	"E06000033"	"Southend-on-Sea"	"East of England"	6	86	8.6
"15428"	"E01015895"	"Southend-on-Sea 010A"	"E06000033"	"Southend-on-Sea"	"East of England"	42	100	9.6
"15544"	"E01016013"	"Thurrock 015D"	"E06000034"	"Thurrock"	"East of England"	5	42	4.2
"15565"	"E01016034"	"Medway 010C"	"E06000035"	"Medway"	"South East"	36	68	6.6
"15760"	"E01016233"	"Bracknell Forest 007B"	"E06000036"	"Bracknell Forest"	"South East"	27	53	5.2
"15818"	"E01016293"	"West Berkshire 019A"	"E06000037"	"West Berkshire"	"South East"	3	37	3.7
"15964"	"E01016442"	"Reading 017E"	"E06000038"	"Reading"	"South East"	104	126	11.4
"15998"	"E01016477"	"Slough 008E"	"E06000039"	"Slough"	"South East"	24	29	2.8
"16039"	"E01016519"	"Slough 005D"	"E06000039"	"Slough"	"South East"	38	100	9.6
"16065"	"E01016545"	"Windsor and Maidenhead 012A"	"E06000040"	"Windsor and Maidenhead"	"South East"	69	74	6.9
"16347"	"E01016840"	"Milton Keynes 010D"	"E06000042"	"Milton Keynes"	"South East"	52	53	5
"16360"	"E01016853"	"Brighton and Hove 026C"	"E06000043"	"Brighton and Hove"	"South East"	113	117	10.5
"16361"	"E01016854"	"Brighton and Hove 029C"	"E06000043"	"Brighton and Hove"	"South East"	1	136	13.6
"16362"	"E01016855"	"Brighton and Hove 026D"	"E06000043"	"Brighton and Hove"	"South East"	21	121	11.9
"16378"	"E01016871"	"Brighton and Hove 019B"	"E06000043"	"Brighton and Hove"	"South East"	59	71	6.7
"16380"	"E01016873"	"Brighton and Hove 019D"	"E06000043"	"Brighton and Hove"	"South East"	2	83	8.3
"16381"	"E01016874"	"Brighton and Hove 020B"	"E06000043"	"Brighton and Hove"	"South East"	31	55	5.3
"16444"	"E01016937"	"Brighton and Hove 014E"	"E06000043"	"Brighton and Hove"	"South East"	20	118	11.6
"16448"	"E01016941"	"Brighton and Hove 030A"	"E06000043"	"Brighton and Hove"	"South East"	116	175	15.7
"16457"	"E01016950"	"Brighton and Hove 024B"	"E06000043"	"Brighton and Hove"	"South East"	30	118	11.5
"16461"	"E01016954"	"Brighton and Hove 029D"	"E06000043"	"Brighton and Hove"	"South East"	109	195	17.6
"16462"	"E01016955"	"Brighton and Hove 029E"	"E06000043"	"Brighton and Hove"	"South East"	35	143	13.8
"16471"	"E01016964"	"Brighton and Hove 027C"	"E06000043"	"Brighton and Hove"	"South East"	16	200	19.7
"16473"	"E01016967"	"Brighton and Hove 024D"	"E06000043"	"Brighton and Hove"	"South East"	109	137	12.4
"16475"	"E01016969"	"Brighton and Hove 027E"	"E06000043"	"Brighton and Hove"	"South East"	38	109	10.5
"16627"	"E01017123"	"Portsmouth 024B"	"E06000044"	"Portsmouth"	"South East"	128	131	11.6
"16644"	"E01017142"	"Southampton 029C"	"E06000045"	"Southampton"	"South East"	20	26	2.6
"16696"	"E01017196"	"Southampton 020D"	"E06000045"	"Southampton"	"South East"	13	41	4.1
"17324"	"E01017842"	"Wycombe 007A"	"E07000007"	"Wycombe"	"South East"	52	94	8.9
"17360"	"E01017878"	"Wycombe 007D"	"E07000007"	"Wycombe"	"South East"	74	135	12.6
"17391"	"E01017910"	"Wycombe 016C"	"E07000007"	"Wycombe"	"South East"	70	71	6.6
"17447"	"E01017966"	"Cambridge 010B"	"E07000008"	"Cambridge"	"East of England"	92	131	12
"17506"	"E01018032"	"East Cambridgeshire 003D"	"E07000009"	"East Cambridgeshire"	"East of England"	21	71	7
"17535"	"E01018062"	"Fenland 011A"	"E07000010"	"Fenland"	"East of England"	45	75	7.2
"17582"	"E01018110"	"Fenland 011E"	"E07000010"	"Fenland"	"East of England"	86	104	9.6
"17657"	"E01018187"	"Huntingdonshire 019A"	"E07000011"	"Huntingdonshire"	"East of England"	15	53	5.2
"17795"	"E01018329"	"Cheshire West and Chester 034C"	"E06000050"	"Cheshire West and Chester"	"North West"	46	192	18.4
"17931"	"E01018466"	"Cheshire East 036D"	"E06000049"	"Cheshire East"	"North West"	114	164	14.7
"18027"	"E01018563"	"Cheshire West and Chester 007D"	"E06000050"	"Cheshire West and Chester"	"North West"	28	72	7
"18028"	"E01018564"	"Cheshire West and Chester 007E"	"E06000050"	"Cheshire West and Chester"	"North West"	109	123	11.1
"18041"	"E01018577"	"Cheshire East 013C"	"E06000049"	"Cheshire East"	"North West"	105	110	10
"18055"	"E01018591"	"Cheshire East 020A"	"E06000049"	"Cheshire East"	"North West"	21	137	13.4
"18061"	"E01018597"	"Cheshire East 020B"	"E06000049"	"Cheshire East"	"North West"	14	169	16.7
"18090"	"E01018626"	"Cheshire East 016A"	"E06000049"	"Cheshire East"	"North West"	51	103	9.8
"18133"	"E01018669"	"Cheshire East 020C"	"E06000049"	"Cheshire East"	"North West"	91	147	13.5
"18134"	"E01018670"	"Cheshire East 020D"	"E06000049"	"Cheshire East"	"North West"	18	124	12.2
"18222"	"E01018758"	"Cornwall 016A"	"E06000052"	"Cornwall"	"South West"	59	125	11.8
"18244"	"E01018780"	"Cornwall 034A"	"E06000052"	"Cornwall"	"South West"	31	108	10.5
"18286"	"E01018824"	"Cornwall 042B"	"E06000052"	"Cornwall"	"South West"	67	86	8.1
"18288"	"E01018826"	"Cornwall 040B"	"E06000052"	"Cornwall"	"South West"	16	68	6.7
"18314"	"E01018852"	"Cornwall 040D"	"E06000052"	"Cornwall"	"South West"	114	151	13.6
"18315"	"E01018853"	"Cornwall 042C"	"E06000052"	"Cornwall"	"South West"	43	74	7.1
"18388"	"E01018926"	"Cornwall 011B"	"E06000052"	"Cornwall"	"South West"	60	155	14.6
"18424"	"E01018965"	"Cornwall 006C"	"E06000052"	"Cornwall"	"South West"	28	107	10.4
"18427"	"E01018968"	"Cornwall 004C"	"E06000052"	"Cornwall"	"South West"	39	165	15.9
"18428"	"E01018969"	"Cornwall 003D"	"E06000052"	"Cornwall"	"South West"	44	133	12.8
"18433"	"E01018974"	"Cornwall 002C"	"E06000052"	"Cornwall"	"South West"	40	149	14.3
"18435"	"E01018976"	"Cornwall 067A"	"E06000052"	"Cornwall"	"South West"	9	107	10.6
"18444"	"E01018985"	"Cornwall 058A"	"E06000052"	"Cornwall"	"South West"	24	94	9.2
"18454"	"E01018995"	"Cornwall 068A"	"E06000052"	"Cornwall"	"South West"	80	178	16.5
"18471"	"E01019012"	"Cornwall 054E"	"E06000052"	"Cornwall"	"South West"	37	239	23.1
"18536"	"E01019077"	"Isles of Scilly 001A"	"E06000053"	"Isles of Scilly"	"South West"	26	202	19.7
"18580"	"E01019121"	"Allerdale 009E"	"E07000026"	"Allerdale"	"North West"	26	162	15.8
"18737"	"E01019280"	"Copeland 002B"	"E07000029"	"Copeland"	"North West"	18	66	6.5
"18817"	"E01019360"	"South Lakeland 004A"	"E07000031"	"South Lakeland"	"North West"	47	106	10.1
"18824"	"E01019367"	"South Lakeland 006B"	"E07000031"	"South Lakeland"	"North West"	80	89	8.2
"18827"	"E01019370"	"South Lakeland 003D"	"E07000031"	"South Lakeland"	"North West"	47	94	9
"18864"	"E01019407"	"Amber Valley 010A"	"E07000032"	"Amber Valley"	"East Midlands"	36	192	18.6
"18928"	"E01019472"	"Amber Valley 016D"	"E07000032"	"Amber Valley"	"East Midlands"	144	230	20.1
"18933"	"E01019477"	"Amber Valley 002D"	"E07000032"	"Amber Valley"	"East Midlands"	29	148	14.4
"18947"	"E01019491"	"Bolsover 001C"	"E07000033"	"Bolsover"	"East Midlands"	2	123	12.3
"18959"	"E01019503"	"Bolsover 007A"	"E07000033"	"Bolsover"	"East Midlands"	66	119	11.2
"18968"	"E01019512"	"Bolsover 006D"	"E07000033"	"Bolsover"	"East Midlands"	115	117	10.5
"19040"	"E01019585"	"Chesterfield 012G"	"E07000034"	"Chesterfield"	"East Midlands"	22	95	9.3
"19154"	"E01019700"	"Erewash 015C"	"E07000036"	"Erewash"	"East Midlands"	29	125	12.2
"19168"	"E01019714"	"High Peak 012A"	"E07000037"	"High Peak"	"East Midlands"	35	168	16.2
"19222"	"E01019768"	"High Peak 003F"	"E07000037"	"High Peak"	"East Midlands"	65	132	12.4
"19227"	"E01019773"	"North East Derbyshire 012A"	"E07000038"	"North East Derbyshire"	"East Midlands"	127	152	13.5
"19231"	"E01019777"	"North East Derbyshire 012D"	"E07000038"	"North East Derbyshire"	"East Midlands"	86	133	12.2
"19268"	"E01019815"	"North East Derbyshire 014C"	"E07000038"	"North East Derbyshire"	"East Midlands"	114	126	11.3
"19348"	"E01019898"	"East Devon 014A"	"E07000040"	"East Devon"	"South West"	56	95	9
"19395"	"E01019947"	"East Devon 010B"	"E07000040"	"East Devon"	"South West"	7	110	10.9
"19399"	"E01019951"	"East Devon 009C"	"E07000040"	"East Devon"	"South West"	4	123	12.3
"19409"	"E01019961"	"East Devon 007E"	"E07000040"	"East Devon"	"South West"	124	140	12.4
"19463"	"E01020017"	"Exeter 008D"	"E07000041"	"Exeter"	"South West"	46	203	19.4
"19469"	"E01020023"	"Exeter 009B"	"E07000041"	"Exeter"	"South West"	33	71	6.9
"19507"	"E01020063"	"Mid Devon 003A"	"E07000042"	"Mid Devon"	"South West"	81	88	8.1
"19538"	"E01020094"	"North Devon 008A"	"E07000043"	"North Devon"	"South West"	41	138	13.3
"19582"	"E01020138"	"North Devon 014C"	"E07000043"	"North Devon"	"South West"	11	146	14.5
"19586"	"E01020142"	"South Hams 006A"	"E07000044"	"South Hams"	"South West"	6	121	12
"19613"	"E01020169"	"South Hams 010B"	"E07000044"	"South Hams"	"South West"	95	127	11.6
"19633"	"E01020189"	"South Hams 010C"	"E07000044"	"South Hams"	"South West"	22	93	9.1
"19723"	"E01020279"	"Torridge 004C"	"E07000046"	"Torridge"	"South West"	26	84	8.2
"19724"	"E01020280"	"Torridge 003A"	"E07000046"	"Torridge"	"South West"	178	245	20.5
"19782"	"E01020338"	"West Devon 005G"	"E07000047"	"West Devon"	"South West"	58	65	6.1
"19843"	"E01020399"	"East Dorset 011B"	"E07000049"	"East Dorset"	"South West"	47	68	6.5
"19883"	"E01020439"	"North Dorset 007E"	"E07000050"	"North Dorset"	"South West"	16	85	8.4
"19969"	"E01020529"	"West Dorset 004C"	"E07000052"	"West Dorset"	"South West"	7	103	10.2
"19980"	"E01020540"	"West Dorset 004E"	"E07000052"	"West Dorset"	"South West"	76	115	10.7
"19992"	"E01020554"	"Weymouth and Portland 004B"	"E07000053"	"Weymouth and Portland"	"South West"	16	175	17.2
"20017"	"E01020581"	"Weymouth and Portland 004E"	"E07000053"	"Weymouth and Portland"	"South West"	25	119	11.6
"20079"	"E01020643"	"County Durham 010E"	"E06000047"	"County Durham"	"North East"	39	118	11.4
"20080"	"E01020644"	"County Durham 014D"	"E06000047"	"County Durham"	"North East"	33	117	11.3
"20150"	"E01020715"	"County Durham 031C"	"E06000047"	"County Durham"	"North East"	53	143	13.6
"20258"	"E01020829"	"County Durham 054C"	"E06000047"	"County Durham"	"North East"	22	62	6.1
"20291"	"E01020862"	"County Durham 064F"	"E06000047"	"County Durham"	"North East"	85	119	11
"20326"	"E01020897"	"County Durham 057E"	"E06000047"	"County Durham"	"North East"	60	111	10.5
"20341"	"E01020912"	"Eastbourne 010C"	"E07000061"	"Eastbourne"	"South East"	34	157	15.2
"20364"	"E01020935"	"Eastbourne 011A"	"E07000061"	"Eastbourne"	"South East"	73	113	10.5
"20365"	"E01020936"	"Eastbourne 011B"	"E07000061"	"Eastbourne"	"South East"	25	43	4.2
"20393"	"E01020965"	"Eastbourne 008C"	"E07000061"	"Eastbourne"	"South East"	28	100	9.7
"20398"	"E01020970"	"Hastings 001B"	"E07000062"	"Hastings"	"South East"	4	45	4.5
"20406"	"E01020978"	"Hastings 009A"	"E07000062"	"Hastings"	"South East"	113	225	20.2
"20410"	"E01020982"	"Hastings 011A"	"E07000062"	"Hastings"	"South East"	35	207	20
"20411"	"E01020983"	"Hastings 011B"	"E07000062"	"Hastings"	"South East"	35	118	11.4
"20413"	"E01020985"	"Hastings 011D"	"E07000062"	"Hastings"	"South East"	86	179	16.5
"20519"	"E01021091"	"Rother 011B"	"E07000064"	"Rother"	"South East"	84	95	8.8
"20594"	"E01021166"	"Wealden 018C"	"E07000065"	"Wealden"	"South East"	50	118	11.2
"20598"	"E01021170"	"Wealden 008C"	"E07000065"	"Wealden"	"South East"	103	134	12.1
"20800"	"E01021373"	"Braintree 011D"	"E07000067"	"Braintree"	"East of England"	31	54	5.2
"20814"	"E01021387"	"Braintree 004A"	"E07000067"	"Braintree"	"East of England"	5	87	8.7
"21065"	"E01021646"	"Colchester 007A"	"E07000071"	"Colchester"	"East of England"	8	80	7.9
"21067"	"E01021648"	"Colchester 007C"	"E07000071"	"Colchester"	"East of England"	113	125	11.2
"21068"	"E01021649"	"Colchester 007D"	"E07000071"	"Colchester"	"East of England"	42	111	10.7
"21098"	"E01021680"	"Colchester 004B"	"E07000071"	"Colchester"	"East of England"	77	104	9.7
"21232"	"E01021817"	"Epping Forest 008E"	"E07000072"	"Epping Forest"	"East of England"	55	69	6.5
"21272"	"E01021857"	"Harlow 001D"	"E07000073"	"Harlow"	"East of England"	59	75	7.1
"21401"	"E01021988"	"Tendring 018A"	"E07000076"	"Tendring"	"East of England"	20	175	17.2
"21511"	"E01022102"	"Cheltenham 008C"	"E07000078"	"Cheltenham"	"South West"	70	138	12.9
"21512"	"E01022103"	"Cheltenham 012A"	"E07000078"	"Cheltenham"	"South West"	34	80	7.7
"21532"	"E01022123"	"Cheltenham 010D"	"E07000078"	"Cheltenham"	"South West"	13	35	3.5
"21567"	"E01022158"	"Cheltenham 007F"	"E07000078"	"Cheltenham"	"South West"	72	126	11.8
"21603"	"E01022194"	"Cotswold 007A"	"E07000079"	"Cotswold"	"South West"	24	127	12.4
"21632"	"E01022223"	"Cotswold 010B"	"E07000079"	"Cotswold"	"South West"	53	83	7.9
"21720"	"E01022311"	"Gloucester 002C"	"E07000081"	"Gloucester"	"South West"	29	106	10.3
"21772"	"E01022365"	"Stroud 006A"	"E07000082"	"Stroud"	"South West"	30	97	9.4
"21784"	"E01022377"	"Stroud 004E"	"E07000082"	"Stroud"	"South West"	20	78	7.7
"21817"	"E01022410"	"Stroud 006C"	"E07000082"	"Stroud"	"South West"	15	128	12.6
"22061"	"E01022668"	"Eastleigh 006A"	"E07000086"	"Eastleigh"	"South East"	11	91	9
"22081"	"E01022688"	"Eastleigh 015A"	"E07000086"	"Eastleigh"	"South East"	38	41	4
"22200"	"E01022811"	"Gosport 008B"	"E07000088"	"Gosport"	"South East"	92	104	9.5
"22325"	"E01022945"	"Havant 016C"	"E07000090"	"Havant"	"South East"	50	53	5.1
"22333"	"E01022953"	"Havant 014A"	"E07000090"	"Havant"	"South East"	30	72	7
"22533"	"E01023155"	"Test Valley 003A"	"E07000093"	"Test Valley"	"South East"	85	147	13.5
"22728"	"E01023352"	"Dacorum 004A"	"E07000096"	"Dacorum"	"East of England"	5	91	9.1
"22773"	"E01023398"	"Dacorum 015D"	"E07000096"	"Dacorum"	"East of England"	64	91	8.6
"22973"	"E01023601"	"North Hertfordshire 010A"	"E07000099"	"North Hertfordshire"	"East of England"	93	94	8.6
"22988"	"E01023616"	"North Hertfordshire 012F"	"E07000099"	"North Hertfordshire"	"East of England"	25	79	7.7
"23029"	"E01023657"	"North Hertfordshire 002D"	"E07000099"	"North Hertfordshire"	"East of England"	8	46	4.6
"23032"	"E01023660"	"North Hertfordshire 001A"	"E07000099"	"North Hertfordshire"	"East of England"	37	70	6.8
"23098"	"E01023727"	"St Albans 012B"	"E07000100"	"St Albans"	"East of England"	15	80	7.9
"23129"	"E01023758"	"Stevenage 008D"	"E07000101"	"Stevenage"	"East of England"	44	62	5.9
"23257"	"E01023886"	"Watford 008A"	"E07000103"	"Watford"	"East of England"	96	98	8.9
"23332"	"E01023963"	"Welwyn Hatfield 014B"	"E07000104"	"Welwyn Hatfield"	"East of England"	10	73	7.2
"23489"	"E01024130"	"Canterbury 019C"	"E07000106"	"Canterbury"	"South East"	83	90	8.3
"23680"	"E01024325"	"Maidstone 014A"	"E07000110"	"Maidstone"	"South East"	1	67	6.7
"23695"	"E01024340"	"Maidstone 006B"	"E07000110"	"Maidstone"	"South East"	34	79	7.6
"23812"	"E01024461"	"Sevenoaks 010C"	"E07000111"	"Sevenoaks"	"South East"	49	89	8.5
"23855"	"E01024504"	"Shepway 014A"	"E07000112"	"Shepway"	"South East"	78	203	18.8
"23857"	"E01024507"	"Shepway 014B"	"E07000112"	"Shepway"	"South East"	61	220	20.8
"23858"	"E01024508"	"Shepway 015A"	"E07000112"	"Shepway"	"South East"	109	112	10.1
"23885"	"E01024535"	"Shepway 013D"	"E07000112"	"Shepway"	"South East"	9	85	8.4
"23902"	"E01024553"	"Swale 015C"	"E07000113"	"Swale"	"South East"	3	111	11.1
"23917"	"E01024568"	"Swale 009D"	"E07000113"	"Swale"	"South East"	35	49	4.7
"23927"	"E01024579"	"Swale 007E"	"E07000113"	"Swale"	"South East"	56	78	7.4
"24003"	"E01024657"	"Thanet 001A"	"E07000114"	"Thanet"	"South East"	10	187	18.5
"24024"	"E01024678"	"Thanet 001E"	"E07000114"	"Thanet"	"South East"	39	154	14.8
"24143"	"E01024802"	"Tunbridge Wells 008B"	"E07000116"	"Tunbridge Wells"	"South East"	82	116	10.7
"24357"	"E01025016"	"Fylde 005D"	"E07000119"	"Fylde"	"North West"	13	50	4.9
"24512"	"E01025176"	"Pendle 008C"	"E07000122"	"Pendle"	"North West"	6	105	10.4
"24631"	"E01025295"	"Preston 014A"	"E07000123"	"Preston"	"North West"	78	153	14.2
"24753"	"E01025420"	"South Ribble 012D"	"E07000126"	"South Ribble"	"North West"	48	73	7
"24885"	"E01025553"	"Wyre 007B"	"E07000128"	"Wyre"	"North West"	24	64	6.3
"24908"	"E01025576"	"Wyre 011D"	"E07000128"	"Wyre"	"North West"	57	65	6.2
"25010"	"E01025679"	"Charnwood 019A"	"E07000130"	"Charnwood"	"East Midlands"	11	128	12.7
"25100"	"E01025771"	"Harborough 005A"	"E07000131"	"Harborough"	"East Midlands"	47	143	13.7
"25121"	"E01025792"	"Harborough 010C"	"E07000131"	"Harborough"	"East Midlands"	115	119	10.7
"25122"	"E01025793"	"Harborough 010D"	"E07000131"	"Harborough"	"East Midlands"	7	107	10.6
"25137"	"E01025808"	"Harborough 006B"	"E07000131"	"Harborough"	"East Midlands"	56	141	13.4
"25206"	"E01025878"	"Hinckley and Bosworth 001E"	"E07000132"	"Hinckley and Bosworth"	"East Midlands"	61	129	12.2
"25331"	"E01026006"	"Boston 003A"	"E07000136"	"Boston"	"East Midlands"	166	246	21
"25336"	"E01026011"	"Boston 002B"	"E07000136"	"Boston"	"East Midlands"	132	179	15.8
"25341"	"E01026016"	"Boston 006A"	"E07000136"	"Boston"	"East Midlands"	6	140	13.9
"25350"	"E01026025"	"Boston 003C"	"E07000136"	"Boston"	"East Midlands"	8	170	16.9
"25354"	"E01026029"	"Boston 009A"	"E07000136"	"Boston"	"East Midlands"	24	98	9.6
"25355"	"E01026030"	"Boston 002C"	"E07000136"	"Boston"	"East Midlands"	16	152	15
"25406"	"E01026081"	"East Lindsey 004A"	"E07000137"	"East Lindsey"	"East Midlands"	178	189	15.8
"25407"	"E01026082"	"East Lindsey 007B"	"E07000137"	"East Lindsey"	"East Midlands"	29	157	15.3
"25427"	"E01026103"	"East Lindsey 006A"	"E07000137"	"East Lindsey"	"East Midlands"	30	109	10.6
"25432"	"E01026108"	"East Lindsey 003G"	"E07000137"	"East Lindsey"	"East Midlands"	71	145	13.5
"25447"	"E01026123"	"Lincoln 004B"	"E07000138"	"Lincoln"	"East Midlands"	31	140	13.6
"25457"	"E01026133"	"Lincoln 008A"	"E07000138"	"Lincoln"	"East Midlands"	16	234	23.1
"25471"	"E01026147"	"Lincoln 003C"	"E07000138"	"Lincoln"	"East Midlands"	46	117	11.2
"25506"	"E01026183"	"North Kesteven 007B"	"E07000139"	"North Kesteven"	"East Midlands"	117	179	16
"25511"	"E01026188"	"North Kesteven 004C"	"E07000139"	"North Kesteven"	"East Midlands"	61	79	7.5
"25541"	"E01026220"	"North Kesteven 013A"	"E07000139"	"North Kesteven"	"East Midlands"	42	83	8
"25542"	"E01026221"	"North Kesteven 009B"	"E07000139"	"North Kesteven"	"East Midlands"	65	177	16.6
"25553"	"E01026232"	"North Kesteven 010D"	"E07000139"	"North Kesteven"	"East Midlands"	37	108	10.4
"25600"	"E01026280"	"South Holland 010C"	"E07000140"	"South Holland"	"East Midlands"	40	108	10.4
"25635"	"E01026316"	"South Kesteven 007D"	"E07000141"	"South Kesteven"	"East Midlands"	59	165	15.6
"25650"	"E01026331"	"South Kesteven 009B"	"E07000141"	"South Kesteven"	"East Midlands"	65	187	17.6
"25652"	"E01026333"	"South Kesteven 001D"	"E07000141"	"South Kesteven"	"East Midlands"	36	137	13.2
"25674"	"E01026355"	"South Kesteven 002C"	"E07000141"	"South Kesteven"	"East Midlands"	20	91	8.9
"25680"	"E01026361"	"South Kesteven 008D"	"E07000141"	"South Kesteven"	"East Midlands"	146	154	13.4
"25684"	"E01026365"	"South Kesteven 002D"	"E07000141"	"South Kesteven"	"East Midlands"	13	107	10.6
"25691"	"E01026372"	"West Lindsey 008A"	"E07000142"	"West Lindsey"	"East Midlands"	53	92	8.7
"25706"	"E01026387"	"West Lindsey 001C"	"E07000142"	"West Lindsey"	"East Midlands"	115	159	14.2
"25716"	"E01026397"	"West Lindsey 009B"	"E07000142"	"West Lindsey"	"East Midlands"	17	144	14.2
"25730"	"E01026411"	"West Lindsey 005D"	"E07000142"	"West Lindsey"	"East Midlands"	64	184	17.3
"25745"	"E01026428"	"Breckland 003A"	"E07000143"	"Breckland"	"East of England"	57	85	8
"25783"	"E01026468"	"Breckland 016A"	"E07000143"	"Breckland"	"East of England"	33	109	10.6
"25855"	"E01026541"	"Broadland 009B"	"E07000144"	"Broadland"	"East of England"	14	82	8.1
"25926"	"E01026612"	"Great Yarmouth 010C"	"E07000145"	"Great Yarmouth"	"East of England"	54	72	6.8
"25998"	"E01026686"	"King's Lynn and West Norfolk 0"	"E07000146"	"King's Lynn and West Norfolk"	"East of England"	3	34	3.4
"26006"	"E01026694"	"King's Lynn and West Norfolk 0"	"E07000146"	"King's Lynn and West Norfolk"	"East of England"	66	151	14.2
"26010"	"E01026698"	"King's Lynn and West Norfolk 0"	"E07000146"	"King's Lynn and West Norfolk"	"East of England"	17	111	10.9
"26034"	"E01026722"	"King's Lynn and West Norfolk 0"	"E07000146"	"King's Lynn and West Norfolk"	"East of England"	11	48	4.8
"26039"	"E01026727"	"King's Lynn and West Norfolk 0"	"E07000146"	"King's Lynn and West Norfolk"	"East of England"	84	129	11.9
"26042"	"E01026730"	"North Norfolk 008B"	"E07000147"	"North Norfolk"	"East of England"	57	86	8.1
"26045"	"E01026733"	"North Norfolk 006C"	"E07000147"	"North Norfolk"	"East of England"	22	150	14.7
"26050"	"E01026738"	"North Norfolk 007A"	"E07000147"	"North Norfolk"	"East of England"	71	119	11.1
"26052"	"E01026740"	"North Norfolk 012A"	"E07000147"	"North Norfolk"	"East of England"	74	155	14.4
"26055"	"E01026743"	"North Norfolk 004C"	"E07000147"	"North Norfolk"	"East of England"	100	111	10.1
"26074"	"E01026762"	"North Norfolk 005A"	"E07000147"	"North Norfolk"	"East of England"	42	114	11
"26092"	"E01026780"	"North Norfolk 009A"	"E07000147"	"North Norfolk"	"East of England"	109	135	12.2
"26108"	"E01026797"	"Norwich 001A"	"E07000148"	"Norwich"	"East of England"	60	75	7.1
"26134"	"E01026823"	"Norwich 007B"	"E07000148"	"Norwich"	"East of England"	90	104	9.5
"26158"	"E01026848"	"Norwich 015A"	"E07000148"	"Norwich"	"East of England"	7	60	6
"26162"	"E01026853"	"Norwich 011B"	"E07000148"	"Norwich"	"East of England"	1	107	10.7
"26201"	"E01026894"	"South Norfolk 012C"	"E07000149"	"South Norfolk"	"East of England"	21	116	11.4
"26204"	"E01026897"	"South Norfolk 011C"	"E07000149"	"South Norfolk"	"East of England"	87	88	8.1
"26402"	"E01027101"	"Kettering 011C"	"E07000153"	"Kettering"	"East Midlands"	32	111	10.8
"26405"	"E01027104"	"Kettering 007A"	"E07000153"	"Kettering"	"East Midlands"	116	170	15.2
"26424"	"E01027124"	"Kettering 003B"	"E07000153"	"Kettering"	"East Midlands"	22	164	16.1
"26426"	"E01027126"	"Kettering 003D"	"E07000153"	"Kettering"	"East Midlands"	15	121	11.9
"26431"	"E01027131"	"Kettering 009D"	"E07000153"	"Kettering"	"East Midlands"	12	96	9.5
"26452"	"E01027153"	"Northampton 021C"	"E07000154"	"Northampton"	"East Midlands"	14	155	15.3
"26504"	"E01027206"	"Northampton 031D"	"E07000154"	"Northampton"	"East Midlands"	52	70	6.7
"26521"	"E01027223"	"Northampton 025A"	"E07000154"	"Northampton"	"East Midlands"	128	153	13.6
"26573"	"E01027276"	"South Northamptonshire 008A"	"E07000155"	"South Northamptonshire"	"East Midlands"	65	96	9
"26611"	"E01027315"	"Wellingborough 004C"	"E07000156"	"Wellingborough"	"East Midlands"	84	138	12.7
"26634"	"E01027338"	"Wellingborough 001D"	"E07000156"	"Wellingborough"	"East Midlands"	13	110	10.9
"26650"	"E01027354"	"Wellingborough 010E"	"E07000156"	"Wellingborough"	"East Midlands"	75	132	12.3
"26770"	"E01027479"	"Northumberland 019A"	"E06000048"	"Northumberland"	"North East"	12	200	19.8
"26785"	"E01027494"	"Northumberland 035G"	"E06000048"	"Northumberland"	"North East"	2	68	6.8
"26859"	"E01027570"	"Craven 001D"	"E07000163"	"Craven"	"Yorkshire and The Humber"	120	121	10.8
"26861"	"E01027572"	"Craven 003C"	"E07000163"	"Craven"	"Yorkshire and The Humber"	20	127	12.5
"26879"	"E01027590"	"Hambleton 003A"	"E07000164"	"Hambleton"	"Yorkshire and The Humber"	3	93	9.3
"26906"	"E01027618"	"Hambleton 002B"	"E07000164"	"Hambleton"	"Yorkshire and The Humber"	65	94	8.8
"26909"	"E01027621"	"Hambleton 009A"	"E07000164"	"Hambleton"	"Yorkshire and The Humber"	21	67	6.6
"27038"	"E01027750"	"Richmondshire 004B"	"E07000166"	"Richmondshire"	"Yorkshire and The Humber"	23	70	6.8
"27064"	"E01027778"	"Ryedale 007B"	"E07000167"	"Ryedale"	"Yorkshire and The Humber"	28	147	14.3
"27075"	"E01027789"	"Ryedale 008E"	"E07000167"	"Ryedale"	"Yorkshire and The Humber"	83	89	8.2
"27122"	"E01027836"	"Scarborough 004E"	"E07000168"	"Scarborough"	"Yorkshire and The Humber"	40	83	8
"27126"	"E01027840"	"Scarborough 002C"	"E07000168"	"Scarborough"	"Yorkshire and The Humber"	2	141	14.1
"27133"	"E01027847"	"Scarborough 006D"	"E07000168"	"Scarborough"	"Yorkshire and The Humber"	14	227	22.4
"27184"	"E01027898"	"Selby 004A"	"E07000169"	"Selby"	"Yorkshire and The Humber"	22	74	7.2
"27215"	"E01027929"	"Ashfield 013A"	"E07000170"	"Ashfield"	"East Midlands"	71	102	9.5
"27285"	"E01027999"	"Bassetlaw 002A"	"E07000171"	"Bassetlaw"	"East Midlands"	17	104	10.2
"27320"	"E01028034"	"Bassetlaw 003B"	"E07000171"	"Bassetlaw"	"East Midlands"	31	115	11.2
"27421"	"E01028137"	"Broxtowe 015C"	"E07000172"	"Broxtowe"	"East Midlands"	5	38	3.8
"27622"	"E01028345"	"Newark and Sherwood 008A"	"E07000175"	"Newark and Sherwood"	"East Midlands"	18	131	12.9
"27696"	"E01028419"	"Rushcliffe 010B"	"E07000176"	"Rushcliffe"	"East Midlands"	69	114	10.7
"27807"	"E01028532"	"Oxford 013B"	"E07000178"	"Oxford"	"South East"	4	140	14
"27857"	"E01028584"	"Oxford 003C"	"E07000178"	"Oxford"	"South East"	101	151	13.7
"27922"	"E01028652"	"South Oxfordshire 016C"	"E07000179"	"South Oxfordshire"	"South East"	43	103	9.9
"28071"	"E01028807"	"West Oxfordshire 010A"	"E07000181"	"West Oxfordshire"	"South East"	5	45	4.5
"28204"	"E01028943"	"Shropshire 020C"	"E06000051"	"Shropshire"	"West Midlands"	54	64	6.1
"28206"	"E01028945"	"Shropshire 017D"	"E06000051"	"Shropshire"	"West Midlands"	12	161	15.9
"28207"	"E01028946"	"Shropshire 019A"	"E06000051"	"Shropshire"	"West Midlands"	105	268	24.3
"28220"	"E01028959"	"Shropshire 024D"	"E06000051"	"Shropshire"	"West Midlands"	71	163	15.2
"28248"	"E01028987"	"Shropshire 019D"	"E06000051"	"Shropshire"	"West Midlands"	36	183	17.7
"28258"	"E01028997"	"Shropshire 032B"	"E06000051"	"Shropshire"	"West Midlands"	53	152	14.4
"28259"	"E01028998"	"Shropshire 032C"	"E06000051"	"Shropshire"	"West Midlands"	81	141	13
"28264"	"E01029003"	"Shropshire 037B"	"E06000051"	"Shropshire"	"West Midlands"	15	348	34.3
"28278"	"E01029019"	"Mendip 013A"	"E07000187"	"Mendip"	"South West"	10	114	11.3
"28320"	"E01029063"	"Mendip 009B"	"E07000187"	"Mendip"	"South West"	28	46	4.5
"28365"	"E01029110"	"Sedgemoor 009C"	"E07000188"	"Sedgemoor"	"South West"	28	68	6.6
"28367"	"E01029112"	"Sedgemoor 009E"	"E07000188"	"Sedgemoor"	"South West"	32	101	9.8
"28406"	"E01029153"	"South Somerset 024A"	"E07000189"	"South Somerset"	"South West"	103	147	13.3
"28424"	"E01029171"	"South Somerset 023B"	"E07000189"	"South Somerset"	"South West"	24	91	8.9
"28474"	"E01029221"	"South Somerset 001C"	"E07000189"	"South Somerset"	"South West"	58	158	14.9
"28483"	"E01029230"	"South Somerset 024D"	"E07000189"	"South Somerset"	"South West"	20	144	14.1
"28487"	"E01029234"	"South Somerset 015B"	"E07000189"	"South Somerset"	"South West"	20	90	8.8
"28537"	"E01029285"	"Taunton Deane 007A"	"E07000190"	"Taunton Deane"	"South West"	98	130	11.8
"28553"	"E01029301"	"Taunton Deane 010D"	"E07000190"	"Taunton Deane"	"South West"	49	91	8.7
"28573"	"E01029321"	"Taunton Deane 003C"	"E07000190"	"Taunton Deane"	"South West"	5	138	13.7
"28579"	"E01029328"	"West Somerset 005B"	"E07000191"	"West Somerset"	"South West"	4	134	13.4
"28581"	"E01029330"	"West Somerset 001D"	"E07000191"	"West Somerset"	"South West"	22	109	10.7
"28586"	"E01029336"	"West Somerset 002D"	"E07000191"	"West Somerset"	"South West"	20	181	17.8
"28645"	"E01029397"	"Cannock Chase 013D"	"E07000192"	"Cannock Chase"	"West Midlands"	29	123	12
"28726"	"E01029479"	"Lichfield 002C"	"E07000194"	"Lichfield"	"West Midlands"	15	54	5.3
"28801"	"E01029556"	"Newcastle-under-Lyme 005E"	"E07000195"	"Newcastle-under-Lyme"	"West Midlands"	85	160	14.7
"28815"	"E01029570"	"Newcastle-under-Lyme 016B"	"E07000195"	"Newcastle-under-Lyme"	"West Midlands"	14	164	16.2
"28945"	"E01029701"	"Stafford 010E"	"E07000197"	"Stafford"	"West Midlands"	109	272	24.5
"29079"	"E01029835"	"Tamworth 002A"	"E07000199"	"Tamworth"	"West Midlands"	31	125	12.1
"29136"	"E01029893"	"Babergh 004B"	"E07000200"	"Babergh"	"East of England"	5	71	7.1
"29144"	"E01029901"	"Babergh 003B"	"E07000200"	"Babergh"	"East of England"	15	113	11.1
"29169"	"E01029927"	"Forest Heath 001B"	"E07000201"	"Forest Heath"	"East of England"	6	84	8.4
"29171"	"E01029929"	"Forest Heath 001D"	"E07000201"	"Forest Heath"	"East of England"	8	67	6.7
"29182"	"E01029947"	"Forest Heath 004E"	"E07000201"	"Forest Heath"	"East of England"	57	68	6.4
"29217"	"E01029985"	"Ipswich 010B"	"E07000202"	"Ipswich"	"East of England"	66	141	13.2
"29254"	"E01030024"	"Ipswich 006C"	"E07000202"	"Ipswich"	"East of England"	49	175	16.7
"29278"	"E01030048"	"Mid Suffolk 007A"	"E07000203"	"Mid Suffolk"	"East of England"	17	104	10.2
"29311"	"E01030082"	"Mid Suffolk 003B"	"E07000203"	"Mid Suffolk"	"East of England"	124	133	11.8
"29334"	"E01030106"	"St Edmundsbury 014B"	"E07000204"	"St Edmundsbury"	"East of England"	10	45	4.5
"29378"	"E01030152"	"Suffolk Coastal 004A"	"E07000205"	"Suffolk Coastal"	"East of England"	30	114	11.1
"29401"	"E01030179"	"Suffolk Coastal 009A"	"E07000205"	"Suffolk Coastal"	"East of England"	4	30	3
"29431"	"E01030211"	"Suffolk Coastal 008D"	"E07000205"	"Suffolk Coastal"	"East of England"	93	160	14.6
"29578"	"E01030359"	"Elmbridge 007C"	"E07000207"	"Elmbridge"	"South East"	53	74	7
"29619"	"E01030401"	"Epsom and Ewell 005C"	"E07000208"	"Epsom and Ewell"	"South East"	16	76	7.5
"29629"	"E01030411"	"Epsom and Ewell 008B"	"E07000208"	"Epsom and Ewell"	"South East"	77	89	8.3
"29742"	"E01030524"	"Mole Valley 008A"	"E07000210"	"Mole Valley"	"South East"	14	65	6.4
"29787"	"E01030569"	"Reigate and Banstead 004E"	"E07000211"	"Reigate and Banstead"	"South East"	26	80	7.8
"30067"	"E01030850"	"Tandridge 004D"	"E07000215"	"Tandridge"	"South East"	32	52	5
"30207"	"E01030991"	"Woking 008D"	"E07000217"	"Woking"	"South East"	32	37	3.6
"30379"	"E01031168"	"Rugby 006B"	"E07000220"	"Rugby"	"West Midlands"	130	188	16.6
"30423"	"E01031212"	"Stratford-on-Avon 014B"	"E07000221"	"Stratford-on-Avon"	"West Midlands"	85	151	13.9
"30441"	"E01031231"	"Stratford-on-Avon 009D"	"E07000221"	"Stratford-on-Avon"	"West Midlands"	3	116	11.6
"30478"	"E01031268"	"Warwick 014D"	"E07000222"	"Warwick"	"West Midlands"	61	70	6.6
"30494"	"E01031285"	"Warwick 007C"	"E07000222"	"Warwick"	"West Midlands"	21	94	9.2
"30564"	"E01031356"	"Adur 005A"	"E07000223"	"Adur"	"South East"	36	53	5.1
"30565"	"E01031357"	"Adur 005B"	"E07000223"	"Adur"	"South East"	36	43	4.2
"30596"	"E01031388"	"Arun 005A"	"E07000224"	"Arun"	"South East"	65	69	6.5
"30685"	"E01031477"	"Chichester 006A"	"E07000225"	"Chichester"	"South East"	2	132	13.2
"30691"	"E01031483"	"Chichester 008B"	"E07000225"	"Chichester"	"South East"	6	57	5.7
"30717"	"E01031509"	"Chichester 006D"	"E07000225"	"Chichester"	"South East"	4	89	8.9
"30881"	"E01031676"	"Horsham 001D"	"E07000227"	"Horsham"	"South East"	53	119	11.3
"30991"	"E01031787"	"Worthing 011A"	"E07000229"	"Worthing"	"South East"	86	138	12.7
"30992"	"E01031788"	"Worthing 011B"	"E07000229"	"Worthing"	"South East"	12	131	13
"30993"	"E01031789"	"Worthing 011C"	"E07000229"	"Worthing"	"South East"	26	128	12.5
"30995"	"E01031791"	"Worthing 008A"	"E07000229"	"Worthing"	"South East"	3	130	13
"31058"	"E01031854"	"Wiltshire 026B"	"E06000054"	"Wiltshire"	"South West"	53	75	7.1
"31065"	"E01031861"	"Wiltshire 019A"	"E06000054"	"Wiltshire"	"South West"	53	84	8
"31104"	"E01031903"	"Wiltshire 016D"	"E06000054"	"Wiltshire"	"South West"	28	58	5.6
"31202"	"E01032004"	"Wiltshire 054B"	"E06000054"	"Wiltshire"	"South West"	36	113	10.9
"31209"	"E01032011"	"Wiltshire 057B"	"E06000054"	"Wiltshire"	"South West"	55	65	6.2
"31291"	"E01032094"	"Wiltshire 035C"	"E06000054"	"Wiltshire"	"South West"	42	109	10.5
"31314"	"E01032117"	"Wiltshire 040C"	"E06000054"	"Wiltshire"	"South West"	47	58	5.5
"31326"	"E01032130"	"Bromsgrove 013A"	"E07000234"	"Bromsgrove"	"West Midlands"	122	128	11.4
"31353"	"E01032157"	"Bromsgrove 011B"	"E07000234"	"Bromsgrove"	"West Midlands"	13	89	8.8
"31485"	"E01032295"	"Worcester 013C"	"E07000237"	"Worcester"	"West Midlands"	133	182	16
"31533"	"E01032343"	"Wychavon 014A"	"E07000238"	"Wychavon"	"West Midlands"	112	178	16
"31549"	"E01032359"	"Wychavon 003A"	"E07000238"	"Wychavon"	"West Midlands"	15	85	8.4
"31640"	"E01032450"	"Wyre Forest 004D"	"E07000239"	"Wyre Forest"	"West Midlands"	78	167	15.5
"31682"	"E01032492"	"Leeds 102I"	"E08000035"	"Leeds"	"Yorkshire and The Humber"	22	144	14.1
"31710"	"E01032520"	"Nottingham 028E"	"E06000018"	"Nottingham"	"East Midlands"	76	131	12.2
"31711"	"E01032522"	"Nottingham 028F"	"E06000018"	"Nottingham"	"East Midlands"	19	202	19.8
"31720"	"E01032531"	"Coventry 036E"	"E08000026"	"Coventry"	"West Midlands"	123	198	17.6
"31828"	"E01032642"	"West Dorset 001H"	"E07000052"	"West Dorset"	"South West"	54	81	7.7
"31869"	"E01032683"	"West Lindsey 001G"	"E07000142"	"West Lindsey"	"East Midlands"	21	117	11.5
"31885"	"E01032699"	"Wiltshire 007I"	"E06000054"	"Wiltshire"	"South West"	29	72	7
"31999"	"E01032830"	"Tonbridge and Malling 002G"	"E07000115"	"Tonbridge and Malling"	"South East"	10	79	7.8
"32067"	"E01032903"	"Wirral 010F"	"E08000015"	"Wirral"	"North West"	68	183	17.1
"32081"	"E01032922"	"Oldham 020E"	"E08000004"	"Oldham"	"North West"	60	93	8.8
"32163"	"E01033006"	"Leeds 063E"	"E08000035"	"Leeds"	"Yorkshire and The Humber"	44	311	29.8
"32202"	"E01033051"	"Tendring 002F"	"E07000076"	"Tendring"	"East of England"	84	100	9.2
"32223"	"E01033072"	"Lancaster 016I"	"E07000121"	"Lancaster"	"North West"	59	84	7.9
"32354"	"E01033216"	"Stoke-on-Trent 016G"	"E06000021"	"Stoke-on-Trent"	"West Midlands"	153	193	16.7
"32367"	"E01033233"	"Exeter 001F"	"E07000041"	"Exeter"	"South West"	10	98	9.7
"32411"	"E01033279"	"Sheffield 076F"	"E08000019"	"Sheffield"	"Yorkshire and The Humber"	39	112	10.8
"32413"	"E01033281"	"Rossendale 004G"	"E07000125"	"Rossendale"	"North West"	101	143	13
"32419"	"E01033289"	"Cornwall 007E"	"E06000052"	"Cornwall"	"South West"	36	129	12.5
